epi_year,epi_week,date_start,geography_level,geography_id,geography_name,latitude,longitude,rainfall_mm,avg_temp_c,humidity_pct,coverage_days,source_type,aggregation_method,is_approximated
2021,1,2021-01-04,city,BGD-DHAKA-SOUTH,Dhaka South,23.7104,90.4074,1.39,24.55,51.54,7,synthetic_benchmark,simulated_weekly_benchmark,False
2021,2,2021-01-11,city,BGD-DHAKA-SOUTH,Dhaka South,23.7104,90.4074,0.41,23.62,48.18,7,synthetic_benchmark,simulated_weekly_benchmark,False
2021,3,2021-01-18,city,BGD-DHAKA-SOUTH,Dhaka South,23.7104,90.4074,13.89,24.06,50.59,7,synthetic_benchmark,simulated_weekly_benchmark,False
2021,4,2021-01-25,city,BGD-DHAKA-SOUTH,Dhaka South,23.7104,90.4074,9.4,25.29,50.63,7,synthetic_benchmark,simulated_weekly_benchmark,False
2021,5,2021-02-01,city,BGD-DHAKA-SOUTH,Dhaka South,23.7104,90.4074,16.44,24.12,48.58,7,synthetic_benchmark,simulated_weekly_benchmark,False
2021,6,2021-02-08,city,BGD-DHAKA-SOUTH,Dhaka South,23.7104,90.4074,7.34,25.44,52.91,7,synthetic_benchmark,simulated_weekly_benchmark,False
2021,7,2021-02-15,city,BGD-DHAKA-SOUTH,Dhaka South,23.7104,90.4074,25.8,25.33,57.4,7,synthetic_benchmark,simulated_weekly_benchmark,False
2021,8,2021-02-22,city,BGD-DHAKA-SOUTH,Dhaka South,23.7104,90.4074,33.68,25.7,53.68,7,synthetic_benchmark,simulated_weekly_benchmark,False
2021,9,2021-03-01,city,BGD-DHAKA-SOUTH,Dhaka South,23.7104,90.4074,17.93,27.19,55.52,7,synthetic_benchmark,simulated_weekly_benchmark,False
2021,10,2021-03-08,city,BGD-DHAKA-SOUTH,Dhaka South,23.7104,90.4074,27.39,28.16,58.22,7,synthetic_benchmark,simulated_weekly_benchmark,False
2021,11,2021-03-15,city,BGD-DHAKA-SOUTH,Dhaka South,23.7104,90.4074,11.43,26.48,49.77,7,synthetic_benchmark,simulated_weekly_benchmark,False
2021,12,2021-03-22,city,BGD-DHAKA-SOUTH,Dhaka South,23.7104,90.4074,22.39,28.01,52.39,7,synthetic_benchmark,simulated_weekly_benchmark,False
2021,13,2021-03-29,city,BGD-DHAKA-SOUTH,Dhaka South,23.7104,90.4074,8.0,28.49,47.18,7,synthetic_benchmark,simulated_weekly_benchmark,False
2021,14,2021-04-05,city,BGD-DHAKA-SOUTH,Dhaka South,23.7104,90.4074,35.48,29.53,64.54,7,synthetic_benchmark,simulated_weekly_benchmark,False
2021,15,2021-04-12,city,BGD-DHAKA-SOUTH,Dhaka South,23.7104,90.4074,24.66,29.67,57.7,7,synthetic_benchmark,simulated_weekly_benchmark,False
2021,16,2021-04-19,city,BGD-DHAKA-SOUTH,Dhaka South,23.7104,90.4074,30.95,30.03,61.32,7,synthetic_benchmark,simulated_weekly_benchmark,False
2021,17,2021-04-26,city,BGD-DHAKA-SOUTH,Dhaka South,23.7104,90.4074,55.99,29.67,61.83,7,synthetic_benchmark,simulated_weekly_benchmark,False
2021,18,2021-05-03,city,BGD-DHAKA-SOUTH,Dhaka South,23.7104,90.4074,27.79,29.75,56.12,7,synthetic_benchmark,simulated_weekly_benchmark,False
2021,19,2021-05-10,city,BGD-DHAKA-SOUTH,Dhaka South,23.7104,90.4074,35.72,30.46,51.73,7,synthetic_benchmark,simulated_weekly_benchmark,False
2021,20,2021-05-17,city,BGD-DHAKA-SOUTH,Dhaka South,23.7104,90.4074,57.71,31.17,57.47,7,synthetic_benchmark,simulated_weekly_benchmark,False
2021,21,2021-05-24,city,BGD-DHAKA-SOUTH,Dhaka South,23.7104,90.4074,44.62,30.85,54.98,7,synthetic_benchmark,simulated_weekly_benchmark,False
2021,22,2021-05-31,city,BGD-DHAKA-SOUTH,Dhaka South,23.7104,90.4074,75.66,30.43,69.52,7,synthetic_benchmark,simulated_weekly_benchmark,False
2021,23,2021-06-07,city,BGD-DHAKA-SOUTH,Dhaka South,23.7104,90.4074,92.97,30.89,69.98,7,synthetic_benchmark,simulated_weekly_benchmark,False
2021,24,2021-06-14,city,BGD-DHAKA-SOUTH,Dhaka South,23.7104,90.4074,109.0,32.25,75.4,7,synthetic_benchmark,simulated_weekly_benchmark,False
2021,25,2021-06-21,city,BGD-DHAKA-SOUTH,Dhaka South,23.7104,90.4074,128.04,32.34,81.36,7,synthetic_benchmark,simulated_weekly_benchmark,False
2021,26,2021-06-28,city,BGD-DHAKA-SOUTH,Dhaka South,23.7104,90.4074,102.83,30.94,66.83,7,synthetic_benchmark,simulated_weekly_benchmark,False
2021,27,2021-07-05,city,BGD-DHAKA-SOUTH,Dhaka South,23.7104,90.4074,142.24,31.21,81.27,7,synthetic_benchmark,simulated_weekly_benchmark,False
2021,28,2021-07-12,city,BGD-DHAKA-SOUTH,Dhaka South,23.7104,90.4074,115.22,29.82,75.19,7,synthetic_benchmark,simulated_weekly_benchmark,False
2021,29,2021-07-19,city,BGD-DHAKA-SOUTH,Dhaka South,23.7104,90.4074,122.13,31.28,74.59,7,synthetic_benchmark,simulated_weekly_benchmark,False
2021,30,2021-07-26,city,BGD-DHAKA-SOUTH,Dhaka South,23.7104,90.4074,136.59,30.74,82.64,7,synthetic_benchmark,simulated_weekly_benchmark,False
2021,31,2021-08-02,city,BGD-DHAKA-SOUTH,Dhaka South,23.7104,90.4074,152.05,30.52,86.85,7,synthetic_benchmark,simulated_weekly_benchmark,False
2021,32,2021-08-09,city,BGD-DHAKA-SOUTH,Dhaka South,23.7104,90.4074,128.43,30.09,78.59,7,synthetic_benchmark,simulated_weekly_benchmark,False
2021,33,2021-08-16,city,BGD-DHAKA-SOUTH,Dhaka South,23.7104,90.4074,130.67,28.99,76.35,7,synthetic_benchmark,simulated_weekly_benchmark,False
2021,34,2021-08-23,city,BGD-DHAKA-SOUTH,Dhaka South,23.7104,90.4074,123.49,29.14,75.62,7,synthetic_benchmark,simulated_weekly_benchmark,False
2021,35,2021-08-30,city,BGD-DHAKA-SOUTH,Dhaka South,23.7104,90.4074,114.17,28.4,73.34,7,synthetic_benchmark,simulated_weekly_benchmark,False
2021,36,2021-09-06,city,BGD-DHAKA-SOUTH,Dhaka South,23.7104,90.4074,122.47,27.33,70.35,7,synthetic_benchmark,simulated_weekly_benchmark,False
2021,37,2021-09-13,city,BGD-DHAKA-SOUTH,Dhaka South,23.7104,90.4074,102.08,28.62,68.75,7,synthetic_benchmark,simulated_weekly_benchmark,False
2021,38,2021-09-20,city,BGD-DHAKA-SOUTH,Dhaka South,23.7104,90.4074,83.0,27.16,65.31,7,synthetic_benchmark,simulated_weekly_benchmark,False
2021,39,2021-09-27,city,BGD-DHAKA-SOUTH,Dhaka South,23.7104,90.4074,87.5,25.99,69.44,7,synthetic_benchmark,simulated_weekly_benchmark,False
2021,40,2021-10-04,city,BGD-DHAKA-SOUTH,Dhaka South,23.7104,90.4074,95.11,27.14,76.68,7,synthetic_benchmark,simulated_weekly_benchmark,False
2021,41,2021-10-11,city,BGD-DHAKA-SOUTH,Dhaka South,23.7104,90.4074,63.72,25.62,64.74,7,synthetic_benchmark,simulated_weekly_benchmark,False
2021,42,2021-10-18,city,BGD-DHAKA-SOUTH,Dhaka South,23.7104,90.4074,49.55,25.0,57.91,7,synthetic_benchmark,simulated_weekly_benchmark,False
2021,43,2021-10-25,city,BGD-DHAKA-SOUTH,Dhaka South,23.7104,90.4074,44.08,24.58,57.2,7,synthetic_benchmark,simulated_weekly_benchmark,False
2021,44,2021-11-01,city,BGD-DHAKA-SOUTH,Dhaka South,23.7104,90.4074,0.0,23.81,43.63,7,synthetic_benchmark,simulated_weekly_benchmark,False
2021,45,2021-11-08,city,BGD-DHAKA-SOUTH,Dhaka South,23.7104,90.4074,32.26,24.21,56.71,7,synthetic_benchmark,simulated_weekly_benchmark,False
2021,46,2021-11-15,city,BGD-DHAKA-SOUTH,Dhaka South,23.7104,90.4074,34.63,23.68,60.06,7,synthetic_benchmark,simulated_weekly_benchmark,False
2021,47,2021-11-22,city,BGD-DHAKA-SOUTH,Dhaka South,23.7104,90.4074,12.66,23.53,51.26,7,synthetic_benchmark,simulated_weekly_benchmark,False
2021,48,2021-11-29,city,BGD-DHAKA-SOUTH,Dhaka South,23.7104,90.4074,5.92,23.99,47.76,7,synthetic_benchmark,simulated_weekly_benchmark,False
2021,49,2021-12-06,city,BGD-DHAKA-SOUTH,Dhaka South,23.7104,90.4074,28.37,24.18,61.12,7,synthetic_benchmark,simulated_weekly_benchmark,False
2021,50,2021-12-13,city,BGD-DHAKA-SOUTH,Dhaka South,23.7104,90.4074,47.28,23.29,62.71,7,synthetic_benchmark,simulated_weekly_benchmark,False
2021,51,2021-12-20,city,BGD-DHAKA-SOUTH,Dhaka South,23.7104,90.4074,7.89,22.9,48.94,7,synthetic_benchmark,simulated_weekly_benchmark,False
2021,52,2021-12-27,city,BGD-DHAKA-SOUTH,Dhaka South,23.7104,90.4074,6.04,25.0,52.9,7,synthetic_benchmark,simulated_weekly_benchmark,False
2022,1,2022-01-03,city,BGD-DHAKA-SOUTH,Dhaka South,23.7104,90.4074,11.28,23.05,56.04,7,synthetic_benchmark,simulated_weekly_benchmark,False
2022,2,2022-01-10,city,BGD-DHAKA-SOUTH,Dhaka South,23.7104,90.4074,13.06,22.54,52.46,7,synthetic_benchmark,simulated_weekly_benchmark,False
2022,3,2022-01-17,city,BGD-DHAKA-SOUTH,Dhaka South,23.7104,90.4074,0.0,24.68,55.21,7,synthetic_benchmark,simulated_weekly_benchmark,False
2022,4,2022-01-24,city,BGD-DHAKA-SOUTH,Dhaka South,23.7104,90.4074,4.44,23.83,51.88,7,synthetic_benchmark,simulated_weekly_benchmark,False
2022,5,2022-01-31,city,BGD-DHAKA-SOUTH,Dhaka South,23.7104,90.4074,0.0,24.48,53.79,7,synthetic_benchmark,simulated_weekly_benchmark,False
2022,6,2022-02-07,city,BGD-DHAKA-SOUTH,Dhaka South,23.7104,90.4074,12.44,26.07,53.36,7,synthetic_benchmark,simulated_weekly_benchmark,False
2022,7,2022-02-14,city,BGD-DHAKA-SOUTH,Dhaka South,23.7104,90.4074,10.19,24.87,57.17,7,synthetic_benchmark,simulated_weekly_benchmark,False
2022,8,2022-02-21,city,BGD-DHAKA-SOUTH,Dhaka South,23.7104,90.4074,26.59,25.8,61.89,7,synthetic_benchmark,simulated_weekly_benchmark,False
2022,9,2022-02-28,city,BGD-DHAKA-SOUTH,Dhaka South,23.7104,90.4074,21.14,25.99,51.64,7,synthetic_benchmark,simulated_weekly_benchmark,False
2022,10,2022-03-07,city,BGD-DHAKA-SOUTH,Dhaka South,23.7104,90.4074,0.36,26.47,54.85,7,synthetic_benchmark,simulated_weekly_benchmark,False
2022,11,2022-03-14,city,BGD-DHAKA-SOUTH,Dhaka South,23.7104,90.4074,27.54,27.95,56.05,7,synthetic_benchmark,simulated_weekly_benchmark,False
2022,12,2022-03-21,city,BGD-DHAKA-SOUTH,Dhaka South,23.7104,90.4074,17.9,27.34,54.44,7,synthetic_benchmark,simulated_weekly_benchmark,False
2022,13,2022-03-28,city,BGD-DHAKA-SOUTH,Dhaka South,23.7104,90.4074,18.34,27.66,54.83,7,synthetic_benchmark,simulated_weekly_benchmark,False
2022,14,2022-04-04,city,BGD-DHAKA-SOUTH,Dhaka South,23.7104,90.4074,9.62,27.51,48.05,7,synthetic_benchmark,simulated_weekly_benchmark,False
2022,15,2022-04-11,city,BGD-DHAKA-SOUTH,Dhaka South,23.7104,90.4074,14.22,27.84,50.09,7,synthetic_benchmark,simulated_weekly_benchmark,False
2022,16,2022-04-18,city,BGD-DHAKA-SOUTH,Dhaka South,23.7104,90.4074,28.62,30.09,52.59,7,synthetic_benchmark,simulated_weekly_benchmark,False
2022,17,2022-04-25,city,BGD-DHAKA-SOUTH,Dhaka South,23.7104,90.4074,45.27,31.12,61.62,7,synthetic_benchmark,simulated_weekly_benchmark,False
2022,18,2022-05-02,city,BGD-DHAKA-SOUTH,Dhaka South,23.7104,90.4074,16.62,29.52,52.6,7,synthetic_benchmark,simulated_weekly_benchmark,False
2022,19,2022-05-09,city,BGD-DHAKA-SOUTH,Dhaka South,23.7104,90.4074,41.15,30.35,56.19,7,synthetic_benchmark,simulated_weekly_benchmark,False
2022,20,2022-05-16,city,BGD-DHAKA-SOUTH,Dhaka South,23.7104,90.4074,60.8,31.54,62.15,7,synthetic_benchmark,simulated_weekly_benchmark,False
2022,21,2022-05-23,city,BGD-DHAKA-SOUTH,Dhaka South,23.7104,90.4074,69.79,30.58,69.6,7,synthetic_benchmark,simulated_weekly_benchmark,False
2022,22,2022-05-30,city,BGD-DHAKA-SOUTH,Dhaka South,23.7104,90.4074,59.45,30.64,57.47,7,synthetic_benchmark,simulated_weekly_benchmark,False
2022,23,2022-06-06,city,BGD-DHAKA-SOUTH,Dhaka South,23.7104,90.4074,67.49,30.46,61.29,7,synthetic_benchmark,simulated_weekly_benchmark,False
2022,24,2022-06-13,city,BGD-DHAKA-SOUTH,Dhaka South,23.7104,90.4074,97.45,31.41,68.37,7,synthetic_benchmark,simulated_weekly_benchmark,False
2022,25,2022-06-20,city,BGD-DHAKA-SOUTH,Dhaka South,23.7104,90.4074,65.24,30.27,63.56,7,synthetic_benchmark,simulated_weekly_benchmark,False
2022,26,2022-06-27,city,BGD-DHAKA-SOUTH,Dhaka South,23.7104,90.4074,112.02,31.02,75.22,7,synthetic_benchmark,simulated_weekly_benchmark,False
2022,27,2022-07-04,city,BGD-DHAKA-SOUTH,Dhaka South,23.7104,90.4074,107.35,29.96,71.47,7,synthetic_benchmark,simulated_weekly_benchmark,False
2022,28,2022-07-11,city,BGD-DHAKA-SOUTH,Dhaka South,23.7104,90.4074,108.77,30.39,72.28,7,synthetic_benchmark,simulated_weekly_benchmark,False
2022,29,2022-07-18,city,BGD-DHAKA-SOUTH,Dhaka South,23.7104,90.4074,125.31,29.33,67.14,7,synthetic_benchmark,simulated_weekly_benchmark,False
2022,30,2022-07-25,city,BGD-DHAKA-SOUTH,Dhaka South,23.7104,90.4074,141.24,31.22,84.77,7,synthetic_benchmark,simulated_weekly_benchmark,False
2022,31,2022-08-01,city,BGD-DHAKA-SOUTH,Dhaka South,23.7104,90.4074,134.92,29.75,76.64,7,synthetic_benchmark,simulated_weekly_benchmark,False
2022,32,2022-08-08,city,BGD-DHAKA-SOUTH,Dhaka South,23.7104,90.4074,113.41,27.78,68.4,7,synthetic_benchmark,simulated_weekly_benchmark,False
2022,33,2022-08-15,city,BGD-DHAKA-SOUTH,Dhaka South,23.7104,90.4074,113.97,28.31,71.32,7,synthetic_benchmark,simulated_weekly_benchmark,False
2022,34,2022-08-22,city,BGD-DHAKA-SOUTH,Dhaka South,23.7104,90.4074,126.06,28.57,76.08,7,synthetic_benchmark,simulated_weekly_benchmark,False
2022,35,2022-08-29,city,BGD-DHAKA-SOUTH,Dhaka South,23.7104,90.4074,114.42,26.87,72.64,7,synthetic_benchmark,simulated_weekly_benchmark,False
2022,36,2022-09-05,city,BGD-DHAKA-SOUTH,Dhaka South,23.7104,90.4074,119.94,28.39,75.39,7,synthetic_benchmark,simulated_weekly_benchmark,False
2022,37,2022-09-12,city,BGD-DHAKA-SOUTH,Dhaka South,23.7104,90.4074,113.87,27.85,72.72,7,synthetic_benchmark,simulated_weekly_benchmark,False
2022,38,2022-09-19,city,BGD-DHAKA-SOUTH,Dhaka South,23.7104,90.4074,107.34,26.17,73.19,7,synthetic_benchmark,simulated_weekly_benchmark,False
2022,39,2022-09-26,city,BGD-DHAKA-SOUTH,Dhaka South,23.7104,90.4074,88.85,25.36,68.64,7,synthetic_benchmark,simulated_weekly_benchmark,False
2022,40,2022-10-03,city,BGD-DHAKA-SOUTH,Dhaka South,23.7104,90.4074,70.57,24.85,65.14,7,synthetic_benchmark,simulated_weekly_benchmark,False
2022,41,2022-10-10,city,BGD-DHAKA-SOUTH,Dhaka South,23.7104,90.4074,48.3,24.43,60.28,7,synthetic_benchmark,simulated_weekly_benchmark,False
2022,42,2022-10-17,city,BGD-DHAKA-SOUTH,Dhaka South,23.7104,90.4074,56.33,24.7,57.8,7,synthetic_benchmark,simulated_weekly_benchmark,False
2022,43,2022-10-24,city,BGD-DHAKA-SOUTH,Dhaka South,23.7104,90.4074,45.95,23.9,57.44,7,synthetic_benchmark,simulated_weekly_benchmark,False
2022,44,2022-10-31,city,BGD-DHAKA-SOUTH,Dhaka South,23.7104,90.4074,36.77,24.08,56.11,7,synthetic_benchmark,simulated_weekly_benchmark,False
2022,45,2022-11-07,city,BGD-DHAKA-SOUTH,Dhaka South,23.7104,90.4074,19.68,23.33,52.96,7,synthetic_benchmark,simulated_weekly_benchmark,False
2022,46,2022-11-14,city,BGD-DHAKA-SOUTH,Dhaka South,23.7104,90.4074,27.45,23.6,53.49,7,synthetic_benchmark,simulated_weekly_benchmark,False
2022,47,2022-11-21,city,BGD-DHAKA-SOUTH,Dhaka South,23.7104,90.4074,17.05,23.44,54.34,7,synthetic_benchmark,simulated_weekly_benchmark,False
2022,48,2022-11-28,city,BGD-DHAKA-SOUTH,Dhaka South,23.7104,90.4074,34.06,23.74,58.95,7,synthetic_benchmark,simulated_weekly_benchmark,False
2022,49,2022-12-05,city,BGD-DHAKA-SOUTH,Dhaka South,23.7104,90.4074,7.94,22.49,52.35,7,synthetic_benchmark,simulated_weekly_benchmark,False
2022,50,2022-12-12,city,BGD-DHAKA-SOUTH,Dhaka South,23.7104,90.4074,31.35,23.81,59.55,7,synthetic_benchmark,simulated_weekly_benchmark,False
2022,51,2022-12-19,city,BGD-DHAKA-SOUTH,Dhaka South,23.7104,90.4074,19.77,24.03,55.78,7,synthetic_benchmark,simulated_weekly_benchmark,False
2022,52,2022-12-26,city,BGD-DHAKA-SOUTH,Dhaka South,23.7104,90.4074,29.44,22.38,57.12,7,synthetic_benchmark,simulated_weekly_benchmark,False
2023,1,2023-01-02,city,BGD-DHAKA-SOUTH,Dhaka South,23.7104,90.4074,4.78,24.22,52.22,7,synthetic_benchmark,simulated_weekly_benchmark,False
2023,2,2023-01-09,city,BGD-DHAKA-SOUTH,Dhaka South,23.7104,90.4074,4.96,23.27,50.26,7,synthetic_benchmark,simulated_weekly_benchmark,False
2023,3,2023-01-16,city,BGD-DHAKA-SOUTH,Dhaka South,23.7104,90.4074,29.6,24.7,56.91,7,synthetic_benchmark,simulated_weekly_benchmark,False
2023,4,2023-01-23,city,BGD-DHAKA-SOUTH,Dhaka South,23.7104,90.4074,0.0,24.81,52.09,7,synthetic_benchmark,simulated_weekly_benchmark,False
2023,5,2023-01-30,city,BGD-DHAKA-SOUTH,Dhaka South,23.7104,90.4074,0.0,24.11,50.55,7,synthetic_benchmark,simulated_weekly_benchmark,False
2023,6,2023-02-06,city,BGD-DHAKA-SOUTH,Dhaka South,23.7104,90.4074,18.63,25.44,49.19,7,synthetic_benchmark,simulated_weekly_benchmark,False
2023,7,2023-02-13,city,BGD-DHAKA-SOUTH,Dhaka South,23.7104,90.4074,1.05,25.42,52.62,7,synthetic_benchmark,simulated_weekly_benchmark,False
2023,8,2023-02-20,city,BGD-DHAKA-SOUTH,Dhaka South,23.7104,90.4074,13.58,26.33,51.69,7,synthetic_benchmark,simulated_weekly_benchmark,False
2023,9,2023-02-27,city,BGD-DHAKA-SOUTH,Dhaka South,23.7104,90.4074,6.83,26.49,52.23,7,synthetic_benchmark,simulated_weekly_benchmark,False
2023,10,2023-03-06,city,BGD-DHAKA-SOUTH,Dhaka South,23.7104,90.4074,23.84,27.75,57.23,7,synthetic_benchmark,simulated_weekly_benchmark,False
2023,11,2023-03-13,city,BGD-DHAKA-SOUTH,Dhaka South,23.7104,90.4074,12.43,27.4,54.22,7,synthetic_benchmark,simulated_weekly_benchmark,False
2023,12,2023-03-20,city,BGD-DHAKA-SOUTH,Dhaka South,23.7104,90.4074,16.3,28.29,53.9,7,synthetic_benchmark,simulated_weekly_benchmark,False
2023,13,2023-03-27,city,BGD-DHAKA-SOUTH,Dhaka South,23.7104,90.4074,0.0,27.89,45.29,7,synthetic_benchmark,simulated_weekly_benchmark,False
2023,14,2023-04-03,city,BGD-DHAKA-SOUTH,Dhaka South,23.7104,90.4074,10.11,30.0,54.68,7,synthetic_benchmark,simulated_weekly_benchmark,False
2023,15,2023-04-10,city,BGD-DHAKA-SOUTH,Dhaka South,23.7104,90.4074,20.79,29.34,50.08,7,synthetic_benchmark,simulated_weekly_benchmark,False
2023,16,2023-04-17,city,BGD-DHAKA-SOUTH,Dhaka South,23.7104,90.4074,22.58,30.45,54.78,7,synthetic_benchmark,simulated_weekly_benchmark,False
2023,17,2023-04-24,city,BGD-DHAKA-SOUTH,Dhaka South,23.7104,90.4074,21.13,29.18,48.45,7,synthetic_benchmark,simulated_weekly_benchmark,False
2023,18,2023-05-01,city,BGD-DHAKA-SOUTH,Dhaka South,23.7104,90.4074,19.11,30.85,50.8,7,synthetic_benchmark,simulated_weekly_benchmark,False
2023,19,2023-05-08,city,BGD-DHAKA-SOUTH,Dhaka South,23.7104,90.4074,50.64,30.37,59.19,7,synthetic_benchmark,simulated_weekly_benchmark,False
2023,20,2023-05-15,city,BGD-DHAKA-SOUTH,Dhaka South,23.7104,90.4074,75.75,30.96,69.82,7,synthetic_benchmark,simulated_weekly_benchmark,False
2023,21,2023-05-22,city,BGD-DHAKA-SOUTH,Dhaka South,23.7104,90.4074,76.19,31.09,69.38,7,synthetic_benchmark,simulated_weekly_benchmark,False
2023,22,2023-05-29,city,BGD-DHAKA-SOUTH,Dhaka South,23.7104,90.4074,55.17,31.03,62.37,7,synthetic_benchmark,simulated_weekly_benchmark,False
2023,23,2023-06-05,city,BGD-DHAKA-SOUTH,Dhaka South,23.7104,90.4074,96.32,31.63,71.74,7,synthetic_benchmark,simulated_weekly_benchmark,False
2023,24,2023-06-12,city,BGD-DHAKA-SOUTH,Dhaka South,23.7104,90.4074,87.24,32.48,68.55,7,synthetic_benchmark,simulated_weekly_benchmark,False
2023,25,2023-06-19,city,BGD-DHAKA-SOUTH,Dhaka South,23.7104,90.4074,98.88,31.66,71.02,7,synthetic_benchmark,simulated_weekly_benchmark,False
2023,26,2023-06-26,city,BGD-DHAKA-SOUTH,Dhaka South,23.7104,90.4074,125.0,32.05,75.52,7,synthetic_benchmark,simulated_weekly_benchmark,False
2023,27,2023-07-03,city,BGD-DHAKA-SOUTH,Dhaka South,23.7104,90.4074,140.12,32.4,81.36,7,synthetic_benchmark,simulated_weekly_benchmark,False
2023,28,2023-07-10,city,BGD-DHAKA-SOUTH,Dhaka South,23.7104,90.4074,123.96,31.19,72.19,7,synthetic_benchmark,simulated_weekly_benchmark,False
2023,29,2023-07-17,city,BGD-DHAKA-SOUTH,Dhaka South,23.7104,90.4074,148.64,31.62,86.21,7,synthetic_benchmark,simulated_weekly_benchmark,False
2023,30,2023-07-24,city,BGD-DHAKA-SOUTH,Dhaka South,23.7104,90.4074,146.88,30.37,72.6,7,synthetic_benchmark,simulated_weekly_benchmark,False
2023,31,2023-07-31,city,BGD-DHAKA-SOUTH,Dhaka South,23.7104,90.4074,152.9,30.8,81.34,7,synthetic_benchmark,simulated_weekly_benchmark,False
2023,32,2023-08-07,city,BGD-DHAKA-SOUTH,Dhaka South,23.7104,90.4074,144.75,29.24,76.86,7,synthetic_benchmark,simulated_weekly_benchmark,False
2023,33,2023-08-14,city,BGD-DHAKA-SOUTH,Dhaka South,23.7104,90.4074,157.69,30.08,82.33,7,synthetic_benchmark,simulated_weekly_benchmark,False
2023,34,2023-08-21,city,BGD-DHAKA-SOUTH,Dhaka South,23.7104,90.4074,158.16,28.39,84.8,7,synthetic_benchmark,simulated_weekly_benchmark,False
2023,35,2023-08-28,city,BGD-DHAKA-SOUTH,Dhaka South,23.7104,90.4074,101.12,28.21,75.2,7,synthetic_benchmark,simulated_weekly_benchmark,False
2023,36,2023-09-04,city,BGD-DHAKA-SOUTH,Dhaka South,23.7104,90.4074,93.55,26.73,72.07,7,synthetic_benchmark,simulated_weekly_benchmark,False
2023,37,2023-09-11,city,BGD-DHAKA-SOUTH,Dhaka South,23.7104,90.4074,126.84,28.72,84.65,7,synthetic_benchmark,simulated_weekly_benchmark,False
2023,38,2023-09-18,city,BGD-DHAKA-SOUTH,Dhaka South,23.7104,90.4074,89.14,27.24,67.7,7,synthetic_benchmark,simulated_weekly_benchmark,False
2023,39,2023-09-25,city,BGD-DHAKA-SOUTH,Dhaka South,23.7104,90.4074,91.44,26.18,73.36,7,synthetic_benchmark,simulated_weekly_benchmark,False
2023,40,2023-10-02,city,BGD-DHAKA-SOUTH,Dhaka South,23.7104,90.4074,64.6,26.92,68.09,7,synthetic_benchmark,simulated_weekly_benchmark,False
2023,41,2023-10-09,city,BGD-DHAKA-SOUTH,Dhaka South,23.7104,90.4074,78.1,26.7,69.69,7,synthetic_benchmark,simulated_weekly_benchmark,False
2023,42,2023-10-16,city,BGD-DHAKA-SOUTH,Dhaka South,23.7104,90.4074,33.72,24.85,59.21,7,synthetic_benchmark,simulated_weekly_benchmark,False
2023,43,2023-10-23,city,BGD-DHAKA-SOUTH,Dhaka South,23.7104,90.4074,33.57,24.76,54.35,7,synthetic_benchmark,simulated_weekly_benchmark,False
2023,44,2023-10-30,city,BGD-DHAKA-SOUTH,Dhaka South,23.7104,90.4074,11.33,25.96,51.99,7,synthetic_benchmark,simulated_weekly_benchmark,False
2023,45,2023-11-06,city,BGD-DHAKA-SOUTH,Dhaka South,23.7104,90.4074,48.44,24.71,64.76,7,synthetic_benchmark,simulated_weekly_benchmark,False
2023,46,2023-11-13,city,BGD-DHAKA-SOUTH,Dhaka South,23.7104,90.4074,19.44,24.41,48.69,7,synthetic_benchmark,simulated_weekly_benchmark,False
2023,47,2023-11-20,city,BGD-DHAKA-SOUTH,Dhaka South,23.7104,90.4074,51.75,24.77,60.05,7,synthetic_benchmark,simulated_weekly_benchmark,False
2023,48,2023-11-27,city,BGD-DHAKA-SOUTH,Dhaka South,23.7104,90.4074,23.91,23.48,56.8,7,synthetic_benchmark,simulated_weekly_benchmark,False
2023,49,2023-12-04,city,BGD-DHAKA-SOUTH,Dhaka South,23.7104,90.4074,11.02,23.47,53.04,7,synthetic_benchmark,simulated_weekly_benchmark,False
2023,50,2023-12-11,city,BGD-DHAKA-SOUTH,Dhaka South,23.7104,90.4074,15.21,23.29,50.56,7,synthetic_benchmark,simulated_weekly_benchmark,False
2023,51,2023-12-18,city,BGD-DHAKA-SOUTH,Dhaka South,23.7104,90.4074,10.81,23.5,58.99,7,synthetic_benchmark,simulated_weekly_benchmark,False
2023,52,2023-12-25,city,BGD-DHAKA-SOUTH,Dhaka South,23.7104,90.4074,15.33,23.56,54.06,7,synthetic_benchmark,simulated_weekly_benchmark,False
2024,1,2024-01-01,city,BGD-DHAKA-SOUTH,Dhaka South,23.7104,90.4074,4.41,22.96,49.37,7,synthetic_benchmark,simulated_weekly_benchmark,False
2024,2,2024-01-08,city,BGD-DHAKA-SOUTH,Dhaka South,23.7104,90.4074,0.0,22.35,52.05,7,synthetic_benchmark,simulated_weekly_benchmark,False
2024,3,2024-01-15,city,BGD-DHAKA-SOUTH,Dhaka South,23.7104,90.4074,12.33,24.99,55.66,7,synthetic_benchmark,simulated_weekly_benchmark,False
2024,4,2024-01-22,city,BGD-DHAKA-SOUTH,Dhaka South,23.7104,90.4074,0.0,22.81,52.05,7,synthetic_benchmark,simulated_weekly_benchmark,False
2024,5,2024-01-29,city,BGD-DHAKA-SOUTH,Dhaka South,23.7104,90.4074,23.07,25.12,56.68,7,synthetic_benchmark,simulated_weekly_benchmark,False
2024,6,2024-02-05,city,BGD-DHAKA-SOUTH,Dhaka South,23.7104,90.4074,0.0,23.3,45.82,7,synthetic_benchmark,simulated_weekly_benchmark,False
2024,7,2024-02-12,city,BGD-DHAKA-SOUTH,Dhaka South,23.7104,90.4074,0.0,24.26,52.88,7,synthetic_benchmark,simulated_weekly_benchmark,False
2024,8,2024-02-19,city,BGD-DHAKA-SOUTH,Dhaka South,23.7104,90.4074,10.17,25.28,53.11,7,synthetic_benchmark,simulated_weekly_benchmark,False
2024,9,2024-02-26,city,BGD-DHAKA-SOUTH,Dhaka South,23.7104,90.4074,0.0,25.73,48.25,7,synthetic_benchmark,simulated_weekly_benchmark,False
2024,10,2024-03-04,city,BGD-DHAKA-SOUTH,Dhaka South,23.7104,90.4074,11.5,25.71,47.57,7,synthetic_benchmark,simulated_weekly_benchmark,False
2024,11,2024-03-11,city,BGD-DHAKA-SOUTH,Dhaka South,23.7104,90.4074,12.98,26.32,54.45,7,synthetic_benchmark,simulated_weekly_benchmark,False
2024,12,2024-03-18,city,BGD-DHAKA-SOUTH,Dhaka South,23.7104,90.4074,0.0,27.82,45.0,7,synthetic_benchmark,simulated_weekly_benchmark,False
2024,13,2024-03-25,city,BGD-DHAKA-SOUTH,Dhaka South,23.7104,90.4074,15.75,27.5,52.23,7,synthetic_benchmark,simulated_weekly_benchmark,False
2024,14,2024-04-01,city,BGD-DHAKA-SOUTH,Dhaka South,23.7104,90.4074,0.0,27.94,50.43,7,synthetic_benchmark,simulated_weekly_benchmark,False
2024,15,2024-04-08,city,BGD-DHAKA-SOUTH,Dhaka South,23.7104,90.4074,0.0,28.85,53.67,7,synthetic_benchmark,simulated_weekly_benchmark,False
2024,16,2024-04-15,city,BGD-DHAKA-SOUTH,Dhaka South,23.7104,90.4074,33.96,28.84,59.64,7,synthetic_benchmark,simulated_weekly_benchmark,False
2024,17,2024-04-22,city,BGD-DHAKA-SOUTH,Dhaka South,23.7104,90.4074,53.81,29.07,57.6,7,synthetic_benchmark,simulated_weekly_benchmark,False
2024,18,2024-04-29,city,BGD-DHAKA-SOUTH,Dhaka South,23.7104,90.4074,36.88,29.41,57.63,7,synthetic_benchmark,simulated_weekly_benchmark,False
2024,19,2024-05-06,city,BGD-DHAKA-SOUTH,Dhaka South,23.7104,90.4074,52.91,30.16,61.51,7,synthetic_benchmark,simulated_weekly_benchmark,False
2024,20,2024-05-13,city,BGD-DHAKA-SOUTH,Dhaka South,23.7104,90.4074,25.91,29.65,54.08,7,synthetic_benchmark,simulated_weekly_benchmark,False
2024,21,2024-05-20,city,BGD-DHAKA-SOUTH,Dhaka South,23.7104,90.4074,54.34,30.78,60.15,7,synthetic_benchmark,simulated_weekly_benchmark,False
2024,22,2024-05-27,city,BGD-DHAKA-SOUTH,Dhaka South,23.7104,90.4074,68.56,29.22,59.01,7,synthetic_benchmark,simulated_weekly_benchmark,False
2024,23,2024-06-03,city,BGD-DHAKA-SOUTH,Dhaka South,23.7104,90.4074,64.76,30.47,62.22,7,synthetic_benchmark,simulated_weekly_benchmark,False
2024,24,2024-06-10,city,BGD-DHAKA-SOUTH,Dhaka South,23.7104,90.4074,77.33,30.23,63.99,7,synthetic_benchmark,simulated_weekly_benchmark,False
